ref,title,issuer,funder,country,language,source,link,found,deadline,value,status,pipeline,eligible,topic_fit,scope_match,funder_fit,geo_language,size_vs_capacity,tech_fin_split,deadline_runway,partnering,score,recommendation,notes
RFP-002-2026,Design & Delivery of Central Banking Program / Academy - EIFS (National Bank of Ethiopia),BKP Economic Advisors (SWIFT Program),Mastercard Foundation,Ethiopia,English,Project portal (direct),https://swiftethiopia.org/,2026-07-01,2026-07-20,,Open,Tender,Y,3,3,2,3,2,3,2,2,85,GO - Bid,Benchmark. Full chain; 70/30; 49/70 gate; due 20 Jul.
CBK/108/2025-2026,Provision of training services - CBK Institute of Monetary Studies (3-yr framework; re-advertisement),Central Bank of Kenya,Central Bank of Kenya (self-funded),Kenya,English,CBK portal (via Tenderyetu),link,2026-07-01,2026-04-21,,Closed,Tender,?,3,2,1,3,2,2,0,2,65,GO - Bid,Recurring 3-yr framework; alert next cycle.
ACBF (Devex #1393959),"Regional training workshops on national capital & money markets (central banks, supervisors, DMOs)",African Capacity Building Foundation (ACBF),ACBF / partners,Multinational (Africa),English & French,Devex,n/a,2026-07-01,,,Closed,Tender,Y,3,3,2,2,2,2,0,2,71.7,GO - Bid,Close twin; EN/FR; recurring issuer.
FSD/SRVC/2026/00007,Prequalification of individual consultants - Data Engineers / Scientists for Bank of Uganda,FSD Uganda (for Bank of Uganda),FCDO / UK aid (via FSD),Uganda,English,DevelopmentAid / FSD Uganda,n/a,2026-07-01,2026-05-21,,Closed,Tender,Y,1,1,2,2,1,1,0,1,38.3,No-Go (low fit),IT staffing — low fit; keep FSD monitored.
FSDA-CMMP-2.0,Development of the 2nd Kenya Capital Markets Master Plan (CMMP 2.0) - incl. capacity-building & knowledge-transfer plan,Capital Markets Authority Kenya + FSD Africa,FCDO / UK aid (via FSD Africa),Kenya,English,DevelopmentAid / FSD Africa,n/a,2026-07-01,2026-03-19,,Closed,Tender,Y,2,1,2,3,2,2,0,2,58.3,Maybe - Watch,Partial fit; watch training follow-ons.
FSDA-CARBON-EOI,Carbon Centre of Expertise - expression of interest (individuals & firms),FSD Africa,FCDO / UK aid (via FSD Africa),Africa (regional),English,DevelopmentAid / FSD Africa,n/a,2026-07-01,,,Closed,Tender,Y,0,0,2,2,1,1,3,1,36.7,No-Go (low fit),Off-topic roster; screened out.
TDB-AMLCFT-TRG,"Provision of training on AML/CFT, sanctions, ABC & financial-crime compliance (TDB staff)",Trade & Development Bank (TDB),TDB (self-funded),"Regional (KE, MU, ET, ZW, DRC)",English,DevelopmentAid / TDB,n/a,2026-07-01,,,Closed,Tender,Y,2,2,2,2,2,2,1,2,63.3,Maybe - Watch,Adjacent; recurring training buyer.
FSVC-CBS-SUP,TA to strengthen Central Bank of Somalia bank supervision & AML foundations,Financial Services Volunteer Corps (FSVC),FSVC / donor-funded,Somalia,English,Devex,n/a,2026-07-01,,,Unknown,Tender,Y,2,1,1,1,1,1,1,1,40,No-Go (low fit),"Individual role, fragile context; monitor issuer."
RF-ARO-2026,ARO Power & Climate contractor,Rockefeller Foundation,Rockefeller Foundation,Africa (regional),English,rockefellerfoundation.org/rfp,https://www.rockefellerfoundation.org/wp-content/uploads/2025/12/Africa-Regional-Office-ARO-Power-and-Climate-Contractor.pdf,2026-07-02,2026-01-19,,Closed,Vendor RFP,Y,2,2,2,3,2,2,0,2,63.3,Maybe - Watch,Vendor-RFP genre recurs; watch /rfp.
RF-TCM-2025,Transition credit market development consultant,Rockefeller Foundation,Rockefeller Foundation,Global / Asia,English,rockefellerfoundation.org/rfp,https://www.rockefellerfoundation.org/rfp/transition-credit-market-development-consultant/,2026-07-02,2025-12-19,,Closed,Vendor RFP,Y,2,2,2,2,2,2,0,2,60,Maybe - Watch,Capital-convening consultancy; strong genre fit.
CG-EG-2026,RFP on effective giving,Coefficient Giving,Coefficient Giving,Global,English,coefficientgiving.org,https://coefficientgiving.org/funds/effective-giving-and-careers/rfp-on-effective-giving/,2026-07-02,2026-06-26,,Closed,Grant call,?,1,1,1,2,2,2,0,1,40,No-Go (low fit),Nonprofit grant call; watch funds pages.
TA-WADF-R1,West Africa Democracy Fund — Round 1,TrustAfrica,TrustAfrica + partners,West Africa (7),EN / FR,trustafrica.org,https://trustafrica.org/proposals/,2026-07-02,2026-04-30,,Closed,Grant call,Y,1,2,1,2,2,2,0,3,51.7,Maybe - Watch,Institution-strengthening grants; Round 2 alert.
GC-OPEN,Grand Challenges — open RFPs (rolling),Gates Foundation,Gates Foundation,Global / LMIC,English,grandchallenges.org,https://www.grandchallenges.org/grant-opportunities,2026-07-02,,,Closed,Grant call,Y,1,1,1,2,2,2,3,2,53.3,Maybe - Watch,Feed empty 6 Jul; last call closed 16 Jun. Re-check weekly.
CW-AR-FIN,A&R Fund — adaptation finance RFP,ClimateWorks + partners,Pooled (incl. Rockefeller),Africa / Asia,English,climateworks.org,climateworks.org,2026-07-02,,,Unknown,Grant call,Y,2,2,1,2,2,2,1,2,58.3,Maybe - Watch,Capital-mobilisation category; verify round.
HAI-2026,Humanity AI pooled fund — first calls,MacArthur + Omidyar (10 funders),Pooled ($500M),Global,English,via Rockefeller Phil. Advisors,rockpa.org,2026-07-02,,,Forecast,Grant call,Y,1,1,1,1,2,2,3,2,50,Maybe - Watch,Grants begin 2026; watch.
CARE-SHECON,SheConnects Digital Accelerator Africa,CARE,CARE + partners,Sub-Saharan Africa,English,@AfricanNGOs roundup,https://tinyurl.com/mwtepuw4,2026-07-06,2026-07-08,,Closed,Grant call,?,1,1,1,3,2,2,0,2,46.7,No-Go (low fit),Due in 2 days; funds implementers — pass.
EU-ZA-ESG,"Civil society, human rights & ESG accountability — South Africa",European Commission,EU,South Africa,English,@AfricanNGOs roundup,https://tinyurl.com/yyt2v9wa,2026-07-06,2026-07-23,,Open,Grant call,?,1,1,1,2,3,2,2,2,53.3,Maybe - Watch,EUR 5.16M; consortium entry possible.
SOR-COLLAB,Collaboration Fund — impact-investing field-builders,Sorenson Impact Institute,Sorenson Impact Institute,Global,English,@AfricanNGOs roundup,https://tinyurl.com/yty3hc77,2026-07-06,2026-06-11,,Closed,Grant call,?,2,1,1,2,2,2,0,2,50,Maybe - Watch,Conveners-of-capital exemplar; watch Sorenson.
FID-INNOV,Global poverty & inequality innovations (FID),Fund for Innovation in Development,AFD-hosted,LMICs (excl. BF/Mali/Niger),EN/FR,@AfricanNGOs Jun-Jul roundup,https://tinyurl.com/4by6jwr2,2026-07-07,,,Open,Grant call,Y,3,2,1,3,3,2,3,2,78.3,GO - Bid,EUR 50K-4M; evidence-based innovation. Rolling.
DIV-USAID,Development Innovation Ventures — staged innovation fund,DIV Fund,DIV,Developing countries,EN,@AfricanNGOs Jun-Jul roundup,https://tinyurl.com/yc7k26wy,2026-07-07,,,Open,Grant call,Y,3,2,1,2,2,2,3,2,71.7,GO - Bid,Up to $1.5M; verify current status. Rolling.
PF-PPR,"Pandemic prevention, preparedness & response",The Pandemic Fund,Pandemic Fund,15 countries (Africa-heavy),EN,@AfricanNGOs Jun-Jul roundup,https://tinyurl.com/yr9hhy5b,2026-07-07,2027-03-31,,Open,Grant call,?,2,2,1,2,2,1,3,2,61.7,Maybe - Watch,$244M; access via accredited entities.
DARWIN-R32,Darwin Initiative Round 32 — Main,UK Government,Defra,Developing countries,EN,@AfricanNGOs Jun-Jul roundup,https://www.darwininitiative.org.uk/how-to-apply,2026-07-07,2026-07-20,,Open,Grant call,Y,2,2,1,2,2,2,1,2,58.3,Maybe - Watch,GBP 200K-1M; biodiversity + livelihoods.
ONE-NGO,NGO capacity support (SEED/THRIVE),Oneness Revival Team,Oneness Revival Team,Africa,EN,@AfricanNGOs Jun-Jul roundup,https://onenessrevivalteam.info/grant-application,2026-07-07,2026-12-20,,Open,Grant call,Y,2,2,1,2,1,2,3,1,58.3,Maybe - Watch,$25-50K; capacity strengthening.
DRK-SE,Early-stage social enterprises,Draper Richards Kaplan Foundation,DRK,Global,EN,@AfricanNGOs Jun-Jul roundup,https://tinyurl.com/bdbncswh,2026-07-07,,,Open,Grant call,Y,2,1,1,2,2,2,3,1,56.7,Maybe - Watch,Up to $300K. Rolling.
AVERY-EDU,"Education, environment & livelihoods",Avery Dennison Foundation,Avery Dennison,High-need communities,EN,@AfricanNGOs Jun-Jul roundup,https://tinyurl.com/44j9jz8d,2026-07-07,,,Open,Grant call,Y,2,1,1,2,2,2,3,1,56.7,Maybe - Watch,$50-100K. Rolling.
EC-ZW-MED,NGOs & media for democracy — Zimbabwe,European Commission,EU,Zimbabwe,EN,@AfricanNGOs Jun-Jul roundup,https://tinyurl.com/bddbjeed,2026-07-07,2026-07-20,,Open,Grant call,?,1,2,1,2,3,2,1,2,55,Maybe - Watch,EUR 2M; institutional capacity strand.
DANA-LLD,Locally-led development initiatives,Dana Foundation,Dana Foundation,LMICs,EN,@AfricanNGOs Jun-Jul roundup,https://tinyurl.com/bdhnuzte,2026-07-07,2026-12-31,,Open,Grant call,?,2,1,1,2,1,2,3,1,53.3,Maybe - Watch,EUR 150K; budget cap <EUR 500K.
GFCF-CP,Fostering community philanthropy,Global Fund for Community Foundations,GFCF,Global South,EN,@AfricanNGOs Jun-Jul roundup,https://tinyurl.com/73ubmun7,2026-07-07,,,Open,Grant call,Y,2,1,1,2,1,2,3,1,53.3,Maybe - Watch,$7-20K; philanthropy field-building. Rolling.
TWF-MPF,Mobilise Power Fund — window 2,Third Wave Fund,Third Wave Fund,Gender-justice orgs,EN,@AfricanNGOs Jun-Jul roundup,https://tinyurl.com/mt2y6xhn,2026-07-07,2026-09-08,,Open,Grant call,?,1,1,1,1,1,2,3,1,43.3,No-Go (low fit),$10-20K rapid pivots.
CEPF-MDG,Threatened tree species — Madagascar,Critical Ecosystem Partnership Fund,CEPF,Madagascar,EN/FR,@AfricanNGOs Jun-Jul roundup,https://tinyurl.com/yc5hhunx,2026-07-07,2026-07-07,,Closed,Grant call,Y,1,1,1,1,2,2,0,2,40,No-Go (low fit),$50-200K; closes today.
AUS-DAP,Direct Aid Programme — locally-led projects,Australian Embassy Zimbabwe,Australia DFAT,DRC/MW/RoC/ZM/ZW,EN,@AfricanNGOs Jun-Jul roundup,https://tinyurl.com/yjwt69cb,2026-07-07,2026-07-13,,Closed,Grant call,?,1,1,1,2,1,2,1,1,40,No-Go (low fit),AUD 80K community grants.
ZA-DSD,SA NPO funding 2027/28-2029/30,National Dept of Social Development,South Africa DSD,South Africa,EN,@AfricanNGOs Jun-Jul roundup,https://tinyurl.com/ybasp3ye,2026-07-07,2026-07-17,,Open,Grant call,?,1,1,1,2,2,2,1,1,43.3,No-Go (low fit),Social-services subprogrammes; SA NPOs.
AFNET-FG,AFNet flexible grant,African Women for Change Network,AFNet,Africa,EN,@AfricanNGOs Jun-Jul roundup,https://tinyurl.com/hpn4bur3,2026-07-07,,,Open,Grant call,?,1,1,1,2,0,2,3,1,43.3,No-Go (low fit),$5K; women-led. Rolling.
BENUE-CDI,Community development — Benue State,BenueAID,BenueAID,Nigeria (Benue),EN,@AfricanNGOs Jun-Jul roundup,https://tinyurl.com/mr2ymjjz,2026-07-07,,,Open,Grant call,?,1,1,0,1,1,1,3,1,35,No-Go (low fit),Humanitarian; local orgs. Rolling.
FOL-SG,Small grants — Liberian-led NGOs,Friends of Liberia,Friends of Liberia,Liberia,EN,@AfricanNGOs Jun-Jul roundup,https://tinyurl.com/uu7f24ee,2026-07-07,,,Open,Grant call,?,1,1,1,1,0,2,3,1,40,No-Go (low fit),$3K. Rolling.
FLA-RRF,HIV rights rapid response,Frontline AIDS,Frontline AIDS,Global South,EN,@AfricanNGOs Jun-Jul roundup,https://tinyurl.com/4wktp2uw,2026-07-07,,,Open,Grant call,?,1,1,1,2,1,2,3,1,46.7,No-Go (low fit),Up to $15K. Rolling.
UAF-RRG,Women's rights rapid response,Urgent Action Fund Africa,UAF-Africa,Africa,EN/FR,@AfricanNGOs Jun-Jul roundup,https://tinyurl.com/49cy49pa,2026-07-07,,,Open,Grant call,?,1,1,1,2,1,2,3,1,46.7,No-Go (low fit),Up to $15K. Rolling.
WPHF-RRW,"Women, peace & humanitarian rapid window",UN WPHF,UN WPHF,Conflict-affected,EN/FR,@AfricanNGOs Jun-Jul roundup,https://wphfund.org/rrw-short-term-grants,2026-07-07,,,Open,Grant call,?,1,1,1,2,1,2,3,1,46.7,No-Go (low fit),Up to $100K. Rolling.
RUFF-SG,Nature conservation small grants,Rufford Foundation,Rufford Foundation,Developing countries,EN,@AfricanNGOs Jun-Jul roundup,https://tinyurl.com/bdjm2hwv,2026-07-07,,,Open,Grant call,Y,1,1,1,2,1,2,3,1,46.7,No-Go (low fit),GBP 7-18K. Rolling.
META-SIPRA,SIPRA challenge fund — Sudan food security,Meta,Meta,Sudan,EN,@AfricanNGOs Jun-Jul roundup,https://tinyurl.com/y8d4px9f,2026-07-07,,,Open,Grant call,?,1,1,1,1,2,2,3,1,46.7,No-Go (low fit),EUR 20-100K smallholders. Rolling.
AAN-SOF,Strategic opportunities fund — women & girls,ActionAid Nigeria,ActionAid Nigeria,Nigeria,EN,@AfricanNGOs Jun-Jul roundup,https://tinyurl.com/y2yyf7ms,2026-07-07,,,Open,Grant call,?,1,1,1,2,1,2,3,1,46.7,No-Go (low fit),NGN funds; Nigerian orgs. Rolling.
AJA-WEH,"Water, education & healthcare",AJA Foundation,AJA Foundation,Africa,EN,@AfricanNGOs Jun-Jul roundup,https://tinyurl.com/5747pbdb,2026-07-07,,,Open,Grant call,?,1,1,1,2,1,2,3,1,46.7,No-Go (low fit),Various; sustainable impact. Rolling.
FTSA-CIV,Strengthening & adaptation of forestry training provision — Côte d'Ivoire (RFA),Forestry Training Project,(donor-funded),Côte d'Ivoire,FR/EN,fundsforNGOs,https://www2.fundsforngos.org/listing/empowering-africas-next-generation-through-educational-opportunities/,2026-07-07,2026-07-30,,Open,Grant call,?,2,2,1,2,2,2,2,2,61.7,Maybe - Watch,Training-systems capacity building — closest new fit.
ALSUMAIT-26,AL-Sumait Prize for African Development,Kuwait Foundation (AL-Sumait),AL-Sumait Prize,Africa,EN,fundsforNGOs,https://www2.fundsforngos.org/listing/unlock-africas-most-promising-grants-fellowships-awards-and-innovation-opportunities/,2026-07-07,2026-08-31,,Open,Grant call,Y,2,1,1,3,3,1,3,1,60,Maybe - Watch,"$1M institutional prize; nomination, not bid."
UNESCO-AWH,Conservation grants — African World Heritage properties,African World Heritage Fund,UNESCO,Africa,EN/FR,fundsforNGOs,https://awhf.net/wp-content/uploads/2026/06/Call-for-Applications_Conservation_Grant_English_2026.pdf,2026-07-07,2026-07-31,,Open,Grant call,?,1,1,1,2,2,2,2,2,50,Maybe - Watch,Via govt partnership; heritage sustainability.
CEPF-MED,CEPF Mediterranean Basin hotspot — large grants (LOI),Critical Ecosystem Partnership Fund,CEPF,North Africa + Med,EN/FR,fundsforNGOs,https://www2.fundsforngos.org/,2026-07-07,2026-09-18,,Open,Grant call,Y,1,1,1,1,2,2,3,2,50,Maybe - Watch,$50-180K; NGOs & universities eligible.
MEST-AI,MEST AI startup incubation program,MEST Africa,MEST,Africa,EN,fundsforNGOs,https://www2.fundsforngos.org/listing/last-chance-250-funding-opportunities-closing-in-july-2026/,2026-07-07,2026-07-20,,Open,Grant call,?,1,1,1,2,1,2,1,1,40,No-Go (low fit),"Funds startups, not orgs — reference only."
IRF-NGA-DOC,Documentation & accountability for religious-freedom abuses — Nigeria,US Dept of State (IRF),US Dept of State (IRF),Nigeria,EN,@AfricanNGOs Jul-Aug roundup,https://files.simpler.grants.gov/opportunities/d253019e-e04d-4cba-86ef-95f2ca4d5ee0/attachments/8fba5d31-54ed-479d-8f2d-502921a89f59/FY25_IRF_NOFO_-_Nigeria_DocAcc_full_disclosure.pdf,2026-07-08,2026-07-09,,Closed,Grant call,?,1,1,1,2,3,2,0,1,43.3,No-Go (low fit),US$3.5M NOFO; 1-day runway.
SONKE-GJ,Strengthening locally led gender-justice movements (EOI),Sonke Gender Justice,Sonke Gender Justice,7 African countries,EN,@AfricanNGOs Jul-Aug roundup,https://genderjustice.org.za/jobs/expression-of-interest-strengthening-locally-led-gender-justice-movements-in-africa,2026-07-08,2026-07-09,,Closed,Grant call,?,1,1,1,2,2,2,0,1,40,No-Go (low fit),Local movement orgs.
FCA-NGA,Fact-checking platforms — Nigeria,FIAP + FactCheckAfrica,FIAP + FactCheckAfrica,Nigeria,EN,@AfricanNGOs Jul-Aug roundup,https://factcheckafrica.net/call-for-expressions-of-interest-technical-support-and-small-grant-for-fact-checking-platforms-in-nigeria,2026-07-08,2026-07-10,,Closed,Grant call,?,1,1,1,2,0,2,0,1,33.3,No-Go (low fit),Micro grant + technical support.
TPEN-EA,"TPEN small grants — menstrual health, East Africa",Irise Institute East Africa,Irise Institute East Africa,East Africa,EN,@AfricanNGOs Jul-Aug roundup,https://tpen.iriseinstituteeastafrica.org/small-grants/open-calls/tpen-small-grants-call-2026,2026-07-08,2026-07-10,,Closed,Grant call,?,1,1,1,2,0,2,0,1,33.3,No-Go (low fit),Member orgs; micro.
UNHCR-IA,UNHCR Innovation Accelerator,UNHCR,UNHCR,Global (displacement),EN,@AfricanNGOs Jul-Aug roundup,https://www.unhcr.org/innovation/innovation-funding/accelerator-funding,2026-07-08,2026-07-12,,Closed,Grant call,Y,2,1,1,2,2,2,0,2,50,Maybe - Watch,Scale proven solutions; up to $250K.
COSPE-FSTP,"Our Rights, Our Future — FSTP",COSPE,COSPE,Multi-country,EN,@AfricanNGOs Jul-Aug roundup,https://www.cospe.org/lavora-con-noi/bandi-e-avvisi,2026-07-08,2026-07-13,,Closed,Grant call,?,2,1,1,2,1,2,0,2,46.7,No-Go (low fit),CSO network strengthening; EUR 20-30K.
LIM-SLF,Sustainable Livelihood Fund — Limpopo,Limpopo Provincial Government,Limpopo Provincial Government,South Africa,EN,@AfricanNGOs Jul-Aug roundup,https://www.limpopo.gov.za/wp-content/uploads/2026/06/Funding-Proposal.pdf,2026-07-08,2026-07-16,,Open,Grant call,?,2,1,1,2,2,2,1,1,50,Maybe - Watch,"Growth, entrepreneurship, employment; ZAR 0.5-3M."
EC-NAM-CS,Civil society & human rights — Namibia,European Commission,European Commission,Namibia,EN,@AfricanNGOs Jul-Aug roundup,https://ec.europa.eu/info/funding-tenders/opportunities/portal/screen/opportunities/prospect-details/186758PROSPECTSEN?order=DESC&pageNumber=1&pageSize=50&sortBy=startDate&isExactMatch=true&status=31094502,2026-07-08,2026-07-17,,Open,Grant call,?,1,2,1,2,2,2,1,2,51.7,Maybe - Watch,EUR 1.33M.
HAIDI-AI,Inclusive AI innovations — disability inclusion,HAIDI,HAIDI,Africa,EN,@AfricanNGOs Jul-Aug roundup,https://at4d.org/haidi-innovation-track,2026-07-08,2026-07-17,,Open,Grant call,Y,2,1,1,2,1,2,1,2,50,Maybe - Watch,KES 5M + technical support.
ENABEL-BDI,Citizen engagement & nature-based solutions — Burundi,Enabel,Enabel,Burundi,FR/EN,@AfricanNGOs Jul-Aug roundup,https://www.enabel.be/grants,2026-07-08,2026-07-20,,Open,Grant call,?,1,2,1,1,2,2,1,2,48.3,No-Go (low fit),EUR 280K.
BC-CPF,Cultural Protection Fund,British Council,British Council,8 African countries,EN,@AfricanNGOs Jul-Aug roundup,https://cultural-protection-fund.britishcouncil.org/2026-funding-round,2026-07-08,2026-07-20,,Open,Grant call,Y,1,1,2,2,2,2,1,2,51.7,Maybe - Watch,Heritage at risk; up to GBP 500K.
EC-ZW-GOV,Good local governance & sustainable local economies — Zimbabwe,European Commission,European Commission,Zimbabwe,EN,@AfricanNGOs Jul-Aug roundup,"https://ec.europa.eu/info/funding-tenders/opportunities/portal/screen/opportunities/prospect-details/187085PROSPECTSEN?order=DESC&pageNumber=1&pageSize=50&sortBy=startDate&keywords=EuropeAid%2F187085%2FDD%2FACT%2FZW&isExactMatch=true&status=31094501,31094502,31094503",2026-07-08,2026-07-21,,Open,Grant call,?,2,2,1,2,3,2,1,2,61.7,Maybe - Watch,EUR 6M; NGO strengthening + local economy.
NEXA-CH,Nexa climate & health initiative,Grand Challenges Canada + Science for Africa Fdn,Grand Challenges Canada + Science for Africa Fdn,Africa,EN,@AfricanNGOs Jul-Aug roundup,https://www.grandchallenges.ca/apply-for-funding,2026-07-08,2026-07-22,,Open,Grant call,Y,2,1,1,3,3,2,1,2,60,Maybe - Watch,US$200K-2M.
UNW-SIARP,Spotlight Initiative Africa Regional Programme 2.0,UN Women Africa,UN Women Africa,Africa (regional),EN,@AfricanNGOs Jul-Aug roundup,https://africa.unwomen.org/en/programme-implementation/2026/06/call-for-proposals-for-civil-society-partnerships-for-implementation-of-the-spotlight-initiative-africa-regional-programme-siarp-20,2026-07-08,2026-07-27,,Open,Grant call,Y,1,2,1,3,2,2,2,2,58.3,Maybe - Watch,CSO partnerships; up to $548K.
EU-ZW-JUST,Stronger justice institutions for local economic development,EU Delegation Zimbabwe,EU Delegation Zimbabwe,Zimbabwe,EN,@AfricanNGOs Jul-Aug roundup,"https://ec.europa.eu/info/funding-tenders/opportunities/portal/screen/opportunities/prospect-details/187095PROSPECTSEN?isExactMatch=true&status=31094501,31094502,31094503&frameworkProgramme=111111&order=DESC&pageNumber=1&pageSize=50&sortBy=startDate",2026-07-08,2026-07-28,,Open,Grant call,?,2,2,1,2,3,2,2,2,65,GO - Bid,EUR 2.5M; institutional strengthening.
MDDA-CM,Community media funding,MDDA,MDDA,South Africa,EN,@AfricanNGOs Jul-Aug roundup,https://mdda.org.za/funding.html,2026-07-08,2026-07-31,,Open,Grant call,?,1,1,1,2,2,2,2,1,46.7,No-Go (low fit),Media development & diversity.
CA-CSF-ETH,Civil Society Fund Plus — Ethiopia,Christian Aid,Christian Aid,Ethiopia,EN,@AfricanNGOs Jul-Aug roundup,https://caidmicrosites.z33.web.core.windows.net,2026-07-08,2026-08-04,,Open,Grant call,?,2,2,1,3,3,2,2,2,68.3,GO - Bid,EUR 4.05M; LOCAL grassroots orgs — partner route.
ISOC-CGC,Common Good Cyber Fund,Internet Society Foundation,Internet Society Foundation,Global,EN,@AfricanNGOs Jul-Aug roundup,https://www.isocfoundation.org/2026/06/internet-society-foundation-opens-global-call-for-common-good-cyber-fund-to-strengthen-cybersecurity,2026-07-08,2026-08-04,,Open,Grant call,Y,1,1,1,2,2,2,3,2,53.3,Maybe - Watch,Civil-society cybersecurity; up to $300K.
UAF-WRO,Women's rights organisations & networks — grant tiers,Urgent Action Fund-Africa,Urgent Action Fund-Africa,Africa,EN/FR,@AfricanNGOs Jul-Aug roundup,https://www.uaf-africa.org/news_and_events/investing-in-womens-rights-organisations-and-networks-in-africa,2026-07-08,2026-08-12,,Open,Grant call,?,2,1,1,3,2,2,3,2,63.3,Maybe - Watch,$35K-200K incl. knowledge & documentation grants.
WG-BAF,Blue Ambition Fund — SGB capacity & skilling for employment,Wilde Ganzen Foundation,Wilde Ganzen Foundation,Ethiopia / South Africa / Uganda,EN,@AfricanNGOs Jul-Aug roundup,https://www.wildeganzen.org/programs/blue-ambition-fund/baf-call-for-applications#info,2026-07-08,2026-08-15,,Open,Grant call,Y,3,2,1,3,2,2,3,2,75,GO - Bid,EUR 100-300K; skilling + private-sector employment.
BOMB-SKY,Sky Is Not The Limit — social impact grant,Bombshell Impact,Bombshell Impact,Global,EN,@AfricanNGOs Jul-Aug roundup,https://bombshellimpact.com/sky,2026-07-08,2026-08-19,,Open,Grant call,Y,1,1,1,2,0,2,3,1,43.3,No-Go (low fit),US$10K in-kind services.
ADIDAS-MFC,"Moving for Change — sport & gender equality, East Africa",adidas Foundation,adidas Foundation,ETH/KEN/RWA/TZA/UGA,EN,@AfricanNGOs Jul-Aug roundup,https://www.adidasfoundation.org/rfp/moving-for-change-east-africa,2026-07-08,2026-08-21,,Open,Grant call,?,1,1,1,3,3,2,3,2,60,Maybe - Watch,EUR 2.2M RFP.
IDRC-SRHR,SRHR research — sub-Saharan Africa (LOIs),IDRC + Global Affairs Canada + CIHR,IDRC + Global Affairs Canada + CIHR,Sub-Saharan Africa,EN/FR,@AfricanNGOs Jul-Aug roundup,https://idrc-crdi.ca/en/funding/call-letters-interest-addressing-neglected-areas-sexual-and-reproductive-health-and-0,2026-07-08,2026-08-23,,Open,Grant call,Y,2,2,1,3,3,2,3,2,71.7,GO - Bid,Up to 6x CAD1.2M; evidence-focused research.
FS4A-OC2,FoodSafety4Africa — open call 2 (hubs train & mentor),FoodSafety4Africa,FoodSafety4Africa,Africa / EU,EN,@AfricanNGOs Jul-Aug roundup,https://foodsafety4africa.eu/open-call,2026-07-08,2026-08-31,,Open,Grant call,Y,2,2,1,2,2,2,3,2,65,GO - Bid,EUR 200K; training + acceleration.
COMO-WG,Women & girls — partnership funding,COMO Foundation,COMO Foundation,Global,EN,@AfricanNGOs Jul-Aug roundup,https://comofoundation.org/partnerships/becoming-a-partner,2026-07-08,,,Open,Grant call,?,1,1,1,2,1,2,3,1,46.7,No-Go (low fit),Rolling.
UNICEF-EDU-LTA,"Global LTA — education consultancy services (TA, advisory, capacity building)",UNICEF,UNICEF,Global,EN,UNGM,https://www.ungm.org/Public/Notice/297949,2026-07-08,,,Unknown,Tender,Y,2,2,1,2,3,2,2,2,65,GO - Bid,3-7 yr LTA; verify deadline on notice.
NL-KEN-PSD,Private sector development & business climate enhancement — concept notes,Netherlands Embassy Kenya,Netherlands MFA,Kenya,EN,Impact Funding (Jul),https://www.netherlandsandyou.nl/web/kenya/w/call-for-concept-notes-private-sector-development-and-business-climate-enhancement,2026-07-16,2026-07-19,,Closing soon,Grant call,Y,3,2,1,3,3,2,0,2,68.3,GO - Bid,Knowledge institutes eligible; reform needs govt partner.
UNDP-GALS-SS,GALS methodology development + ToT (300 trainers) — READ programme,UNDP South Sudan,UNDP,South Sudan,EN,Impact Funding (Jul),https://procurement-notices.undp.org/view_notice.cfm?notice_id=98727,2026-07-16,2026-12-18,,Open,Tender,Y,3,3,1,2,2,1,3,2,73.3,GO - Bid,Curriculum + ToT delivery contract; UN process caveat.
IDRC-SGCI,Multilateral research call — Africa STI Strategy (consortia EOIs),IDRC + SGCI,IDRC,Africa (SGCI countries),EN/FR,Terra Viva Grants,https://idrc-crdi.ca/en/funding/supporting-stisa-2034-sgci-multilateral-research-call-advancing-africas-science-technology,2026-07-16,2026-09-25,,Open,Grant call,?,2,2,2,3,2,2,3,3,76.7,GO - Bid,SGCI-country institutions lead; partner route.
CG-AIGHW,RFP: Global health & wellbeing in an era of transformative AI,Coefficient Giving,Coefficient (GHW Fund),Global (global-poor focus),EN,coefficientgiving.org,https://coefficientgiving.org/funds/global-health-wellbeing-opportunities/request-for-proposals-global-health-and-wellbeing-in-an-era-of-transformative-ai/,2026-07-16,2026-08-21,,Open,Grant call,Y,2,2,2,2,2,2,3,2,70,GO - Bid,"Research, policy, field-building; rolling review."
CG-LITREV,Living literature reviews — Abundance & Growth Fund,Coefficient Giving,Coefficient (A&G Fund),Global,EN,coefficientgiving.org,https://coefficientgiving.org/funds/abundance-and-growth/living-literature-reviews/,2026-07-16,,,Open,Grant call,Y,2,2,2,2,2,2,3,1,66.7,GO - Bid,Policy-research synthesis; rolling.
CG-LEAD,RFP: Global lead poisoning research (with CGD),Coefficient Giving + CGD,Coefficient (Lead Fund),Global,EN,coefficientgiving.org,https://www.cgdev.org/blog/momentum-tackling-global-lead-poisoning-continues-grow-theres-still-much-we-dont-know-so-were,2026-07-16,2026-08-02,,Open,Grant call,Y,2,2,2,2,2,2,2,2,66.7,GO - Bid,Incl. policy-effectiveness research.
NASDAQ-EO,"Economic opportunity grants — financial literacy, access to capital (EOI)",Nasdaq Foundation,Nasdaq Foundation,US-primary,EN,Impact Funding (Jul),https://www.nasdaq.com/nasdaq-foundation/grant-program,2026-07-16,2026-07-31,,Open,Grant call,?,3,2,1,1,2,2,2,1,61.7,Maybe - Watch,Thematic bullseye; US 501(c)(3) gate.
LIPMAN-27,Lipman Family Prize — social & economic impact orgs,Wharton / Lipman Family,Lipman Family Prize,Global,EN,Terra Viva Grants,https://lipmanfamilyprize.wharton.upenn.edu/about-the-prize/,2026-07-16,2026-07-31,,Open,Grant call,Y,2,1,1,2,2,2,2,1,53.3,Maybe - Watch,$250K winner + 2x $125K.
MRF-RISK,"2027 RISK Award — climate resilience, informal settlements",Munich Re Foundation + UNDRR,Munich Re Foundation,Global,EN,Impact Funding (Jul),https://www.munichre-foundation.org/en/climate-adaptation/risk-award/news/2027-risk-award-call.html,2026-07-16,2026-07-31,,Open,Grant call,Y,1,1,1,2,2,2,2,2,50,Maybe - Watch,EUR 100K; two-phase.
TAIWAN-GH,Go Healthy with Taiwan — global proposal campaign,TAITRA / Taiwan Excellence,TAITRA,Global,EN,Impact Funding (Jul),https://gohealthy.taiwanexcellence.org/,2026-07-16,2026-08-05,,Open,Grant call,Y,1,1,1,2,2,2,3,2,53.3,Maybe - Watch,Must integrate a Taiwanese solution.
ARIA-SEEDS,Opportunity Seeds — climate & weather (high-risk R&D),ARIA (UK),ARIA,UK benefit required,EN,Impact Funding (Jul),https://aria.org.uk/opportunity-spaces/future-proofing-our-climate-and-weather/funding,2026-07-16,2026-07-31,,Open,Grant call,?,1,1,1,1,2,2,2,1,43.3,No-Go (low fit),Non-UK applicants must show UK benefit.
